{
    "epoch": [
        10,
        20,
        30,
        40,
        50,
        10,
        20,
        30
    ],
    "reg_error_val": [
        79.46280199375751,
        74.82965540292996,
        77.22959872300088,
        72.95821388732456,
        72.21615082291365,
        71.38150242103733,
        70.2302849073272,
        69.72073165113008
    ],
    "duration_error_val": [
        91.38367549110849,
        91.23172439618094,
        90.12137791222813,
        89.43067076481206,
        89.76390030337836,
        88.90374483091044,
        88.861092121248,
        88.61813796665864
    ],
    "outliers_count_val": [
        0,
        0,
        0,
        0,
        0,
        0,
        0,
        0
    ],
    "accuracy": [
        0.8783941135057555,
        0.8273916708691008,
        0.810185359016032,
        0.8051394451342143,
        0.7574252655203064,
        0.7965273161017499,
        0.7912318982900067,
        0.7895645958282325
    ],
    "precision_pos": [
        0.4970743783345348,
        0.3912259905976516,
        0.3704704623093464,
        0.36577566465615036,
        0.32061737721171274,
        0.3554343336411236,
        0.35162851848527144,
        0.34903506487799374
    ],
    "recall_pos": [
        0.5345170454545455,
        0.7757102272727273,
        0.8225852272727273,
        0.8318181818181818,
        0.9058238636363637,
        0.8464488636363636,
        0.8674715909090909,
        0.8657670454545454
    ],
    "precision_neg": [
        0.9356700180725767,
        0.9645853411914961,
        0.9708977655271303,
        0.972096701355709,
        0.9828394475398374,
        0.9741357904514968,
        0.9773504817686097,
        0.9770389587266152
    ],
    "recall_neg": [
        0.9255222317095056,
        0.8345942052466394,
        0.80856014266894,
        0.80160335840406,
        0.7372317713171825,
        0.7897970985802814,
        0.780920249364241,
        0.7792476781672016
    ],
    "denoise_error_val": [
        53.172304294826276,
        52.23190021648272,
        52.58883210295563
    ],
    "fixation_loss_train": [
        0.11494896506390921,
        0.08700474905895024,
        0.08371638293128188,
        0.08285733117017804,
        0.0821924018332871,
        0.08145619742572308,
        0.08084367842572492,
        0.08101725923578913,
        0.08033611389195047,
        0.07970549815856828,
        0.0817093126839254,
        0.08115761763438946,
        0.08105137085587513,
        0.08163419315909468,
        0.08134196253447998,
        0.08136942151297884,
        0.08139883913099766,
        0.08251937138052975,
        0.08218072404766955,
        0.08261290183517991,
        0.08291901416349702,
        0.08307527128334452,
        0.08300174659163487,
        0.08292157216588171,
        0.08306641372420438,
        0.08273858190854876,
        0.08359870282796825,
        0.08393864170080279,
        0.08535428890367834,
        0.08538684462446992,
        0.08573417883457207,
        0.08589503923203887,
        0.0863886272034994,
        0.08711783933203394,
        0.08752814012511474,
        0.08654989479336797,
        0.08838672754241199,
        0.08850197384997112,
        0.08923632687911755,
        0.08965972442997665,
        0.09016560308816957,
        0.08990101443558204,
        0.09038258562000787,
        0.09008202252046364,
        0.09004567586248968,
        0.08953408928724324,
        0.08990336800130402,
        0.09021445545481473,
        0.09002968637136424,
        0.08958310016044756,
        0.09005405076938432,
        0.08946351865987952,
        0.08911600886139928,
        0.08928983472287655,
        0.08904919818770594,
        0.08954996738310267,
        0.08858134529394347,
        0.0884869173169136,
        0.08845746240056143,
        0.08809981999419085,
        0.08761676973322542,
        0.08738850116184572,
        0.08667603739332862,
        0.08726284698378749,
        0.08707124935235919,
        0.08698491543167974,
        0.08605248903537668,
        0.08585860675609694,
        0.0868973715639696,
        0.08631070339825095,
        0.08540664890372171,
        0.08607305854377223,
        0.0860197751714689,
        0.08526395220400357,
        0.08592970096846907,
        0.08558594648976152,
        0.08578568179069496,
        0.08539742472149976,
        0.08558616301090252,
        0.08523781602157325
    ],
    "cls_loss_train": [
        0.09993438300017904,
        0.059347943062099014,
        0.05378810268622346,
        0.052408140538850935,
        0.051496309705260326,
        0.05105427039287439,
        0.05029738739859767,
        0.051041776564244815,
        0.050093820000567085,
        0.049474944542275696,
        0.05405123243335544,
        0.05344064379247224,
        0.05406528559127232,
        0.05545689072459936,
        0.05497100533599534,
        0.05549733820030602,
        0.05595583434602836,
        0.057856007819858994,
        0.05761645863786703,
        0.05815699285395989,
        0.05896832998387697,
        0.05986002289758223,
        0.05900001787103531,
        0.059837770057705846,
        0.06001459411913302,
        0.06007705706103546,
        0.06188474175315804,
        0.0628382345298078,
        0.06532775226798726,
        0.0665463621205673,
        0.06653297592590494,
        0.06626507789805168,
        0.06746795873452978,
        0.06860224491485008,
        0.07026046375948482,
        0.06836175334798854,
        0.07272873598537068,
        0.07268056457453384,
        0.07323408524346788,
        0.07515157925010454,
        0.07594132225778771,
        0.07571160822834183,
        0.07685285027525048,
        0.07724094849715872,
        0.07665579404863643,
        0.0757028808272103,
        0.07633211970238424,
        0.07672117927634134,
        0.07624457767460405,
        0.07597050416033442,
        0.07578743369568412,
        0.07541003107752015,
        0.07494734550212942,
        0.07515168105956258,
        0.07385133463525917,
        0.0757808894509586,
        0.07456038833209654,
        0.0749602363240428,
        0.07456409154323543,
        0.07416552309764594,
        0.07307366776938845,
        0.07373102163759673,
        0.07192966921209562,
        0.07338333500140323,
        0.07291586083791605,
        0.07233838241819929,
        0.07128513774766428,
        0.0711906394898528,
        0.07350696761887975,
        0.07287707647717581,
        0.07097519772899587,
        0.07221647451927023,
        0.07220600849789817,
        0.07064061389281982,
        0.07240747451418783,
        0.0715400099572612,
        0.07190162683950692,
        0.07082729046119422,
        0.07170119061611774,
        0.0708185511345907
    ],